Type,Name,Request Count,Failure Count,Median Response Time,Average Response Time,Min Response Time,Max Response Time,Average Content Size,Requests/s,Failures/s,50%,66%,75%,80%,90%,95%,98%,99%,99.9%,99.99%,100%
POST,POST /v1/chat/completions,68,0,1500.0,1499.6067705883434,1453.6210999995092,1657.4825999996392,298.0,0.5739643600309445,0.0,1500,1500,1500,1500,1500,1500,1600,1700,1700,1700,1700
,Aggregated,68,0,1500.0,1499.6067705883434,1453.6210999995092,1657.4825999996392,298.0,0.5739643600309445,0.0,1500,1500,1500,1500,1500,1500,1600,1700,1700,1700,1700
