Type,Name,Request Count,Failure Count,Median Response Time,Average Response Time,Min Response Time,Max Response Time,Average Content Size,Requests/s,Failures/s,50%,66%,75%,80%,90%,95%,98%,99%,99.9%,99.99%,100%
POST,POST /v1/chat/completions,67,0,1500.0,1540.8899029850152,1472.8937999989284,1765.5604000010499,298.0,0.5665006592245709,0.0,1500,1500,1600,1600,1600,1600,1700,1800,1800,1800,1800
,Aggregated,67,0,1500.0,1540.8899029850152,1472.8937999989284,1765.5604000010499,298.0,0.5665006592245709,0.0,1500,1500,1600,1600,1600,1600,1700,1800,1800,1800,1800
