Type,Name,Request Count,Failure Count,Median Response Time,Average Response Time,Min Response Time,Max Response Time,Average Content Size,Requests/s,Failures/s,50%,66%,75%,80%,90%,95%,98%,99%,99.9%,99.99%,100%
POST,POST /v1/chat/completions,68,0,1500.0,1494.1652985294509,1450.4131000030611,1655.4162000029464,298.0,0.5744073262890681,0.0,1500,1500,1500,1500,1500,1500,1600,1700,1700,1700,1700
,Aggregated,68,0,1500.0,1494.1652985294509,1450.4131000030611,1655.4162000029464,298.0,0.5744073262890681,0.0,1500,1500,1500,1500,1500,1500,1600,1700,1700,1700,1700
