Type,Name,Request Count,Failure Count,Median Response Time,Average Response Time,Min Response Time,Max Response Time,Average Content Size,Requests/s,Failures/s,50%,66%,75%,80%,90%,95%,98%,99%,99.9%,99.99%,100%
POST,POST /v1/chat/completions,67,0,1500.0,1526.9054999998436,1470.9485999992467,1691.3242999999056,298.0,0.5687108351817454,0.0,1500,1500,1500,1600,1600,1600,1700,1700,1700,1700,1700
,Aggregated,67,0,1500.0,1526.9054999998436,1470.9485999992467,1691.3242999999056,298.0,0.5687108351817454,0.0,1500,1500,1500,1600,1600,1600,1700,1700,1700,1700,1700
